need,1939
stori,3382
entertain,1957
visit,1463
wait,1074
oscar,3412
until,1583
kid,1639
roll,1373
becom,1701
alwai,2016
event,2415
began,1206
role,3145
joke,1144
partner,1204
right,2983
black,2501
video,3739
these,1906
gaga,1122
host,4207
death,2475
told,7354
parent,1297
hollywood,2849
theater,2093
number,1314
meet,1124
few,1970
project,1295
air,3066
each,2191
big,3573
go,7822
parti,1653
queen,1700
john,2641
made,5051
six,1511
mai,3783
di,2590
associ,1638
presid,2245
side,1141
write,1783
sheen,1356
current,1326
left,1973
do,7983
tell,4012
man,3900
look,5153
member,2726
histori,1236
toni,1364
messag,1091
wed,3317
hous,2497
receiv,2158
hour,2270
join,2042
fire,1293
red,2359
televis,2160
what,8938
base,1970
guest,1688
engag,1568
debut,2176
public,1988
ago,1433
yet,1513
studio,1555
broadcast,1027
took,2763
award,9079
lead,1915
kate,2320
stone,1174
boi,1826
long,2957
same,2175
fridai,2804
close,1817
march,1459
band,3344
deal,1334
be,4333
think,5882
get,7565
creat,1297
onlin,1238
watch,3157
far,1210
learn,1154
dai,7087
competit,1339
togeth,2624
fan,4465
much,3339
sign,1163
emmi,1222
pictur,9201
better,1331
thursdai,3234
against,1773
audienc,2233
leav,1581
amp,3680
walk,1564
make,6415
countri,3054
todai,1671
thing,3843
hope,2209
room,1043
collect,1222
set,4100
former,3125
through,3386
husband,2097
surpris,1227
broadwai,1240
sister,1251
author,1677
met,1229
releas,5403
style,1334
name,3584
men,2084
artist,2616
tonight,1112
classic,1103
talk,2965
law,1134
music,7872
five,2018
april,1500
manag,1459
choic,1224
still,3376
win,3237
game,2612
photo,2516
never,2953
great,2750
judg,3956
nbc,1826
see,4610
jone,1117
ap,3578
stand,1257
royal,2859
am,1830
michael,3098
take,5370
off,4829
ad,3563
box,1159
brown,1814
ag,1729
why,1383
viewer,1809
concert,1912
william,3193
abc,1570
gener,1280
singl,1488
street,1274
court,2240
rock,2751
actor,6412
carri,1151
break,1565
help,3159
given,1210
among,2061
tweet,1703
report,6661
weekend,1702
movi,6168
nomin,3039
move,2322
final,3403
hill,1056
screen,1893
heart,1734
support,2441
charact,2769
nomine,1505
done,1138
career,1705
job,1138
attornei,1381
son,2779
grammi,2186
bad,1436
third,1510
earlier,1706
shoot,1062
them,4246
then,3766
month,3867
scene,1458
arriv,1284
comment,1947
celebr,4809
realiti,1610
lo,3915
home,4349
fashion,2226
ll,2362
moment,1477
thought,1838
jennif,1288
talent,1189
hospit,1855
someth,2405
thank,1739
jackson,3104
everyon,1459
me,6006
note,1515
held,1033
british,2036
titl,1381
green,1156
TRUE,1161
my,8694
voic,1818
product,1685
differ,1791
stai,1250
festiv,2296
interview,2633
experi,1089
offic,2452
reportedli,1505
design,2100
dure,4834
reveal,1579
second,2951
marriag,1401
carpet,1010
him,6620
upcom,1326
where,4044
love,6291
twitter,2155
hit,4212
mondai,3549
action,1128
wonder,1236
morn,1514
idol,2226
academi,1916
writer,1191
everi,1657
live,5594
minut,1258
everyth,1118
famili,5579
favorit,1700
here,3321
team,2910
statement,2660
paul,1250
mother,2484
dress,2332
late,2347
la,1370
awai,1610
lost,1387
seri,5019
coupl,3497
stage,2648
war,1450
network,2138
father,2037
while,5264
real,1953
rate,1141
arrest,1644
read,1971
beauti,1400
serv,1225
princ,2993
between,1842
drug,1449
those,2517
wednesdai,3597
annual,1294
your,3879
list,2244
produc,3703
offer,1627
past,1600
know,4559
divorc,1167
two,8805
plan,2454
polic,2211
blue,1164
wife,2823
featur,3467
plai,7120
wai,4140
night,7189
earn,1452
act,2153
daili,1021
excit,1367
found,2133
anyth,1103
appear,4875
don,4440
servic,1070
wrote,2195
pop,2168
winner,2534
spot,1106
interest,1119
along,1776
place,2645
happen,1785
turn,2678
how,4328
isn,1150
honor,2354
sundai,3374
vote,1516
under,1723
involv,1108
befor,5167
tri,1053
lohan,1620
peopl,7571
london,2115
lot,2689
own,2914
sourc,1133
try,2163
critic,2320
face,2080
born,1509
press,2032
give,2449
next,3890
daughter,2659
babi,2178
anoth,3254
brought,1010
run,2232
date,2235
life,5146
american,3787
promot,1032
ve,3222
best,7257
pick,1131
kardashian,1214
publish,1401
hard,1357
obama,1275
complet,1792
direct,2106
happi,1453
later,2739
come,5092
back,5477
us,7158
seen,1671
websit,1425
seem,1888
young,2171
relationship,1390
gave,1437
decid,1322
remain,1418
charg,1728
tv,4561
doe,1340
down,3422
actress,5162
part,3616
confirm,1384
world,4343
keep,1956
week,6747
episod,3084
mtv,1317
hall,1215
com,2274
attend,1587
both,2803
album,4732
half,1298
taylor,1668
good,3920
perform,8507
earli,1768
dark,1252
busi,1603
taken,1129
follow,3207
whose,1614
white,2614
behind,1553
fun,1256
marri,2360
nation,1744
continu,2291
angel,3980
harri,1894
believ,1563
cast,2555
sound,1238
due,1176
case,1863
magazin,2577
got,3851
car,1212
song,5679
model,1285
children,2676
singer,5683
well,3658
becam,1281
re,4879
hand,1847
child,1766
announc,4127
tom,1189
four,2428
question,1232
ryan,1079
too,2508
globe,1251
top,3653
feel,2860
includ,7628
accord,5142
soon,1200
sever,1998
veri,4168
caus,1181
school,1702
high,2113
claim,1605
chang,1900
latest,1314
our,3509
wear,1588
success,1226
georg,1250
person,2923
fox,1727
danc,3720
sai,5298
bring,1420
drama,2271
whether,1272
went,2188
expect,2531
center,1542
open,3653
gui,1653
cover,1153
file,1518
drive,1020
sold,1079
mani,3240
million,5569
art,1353
did,4228
again,2098
tuesdai,3894
like,9500
director,3025
without,1408
monei,1248
record,3554
present,1779
now,5556
start,3300
prize,1194
amaz,1228
david,1909
ask,3047
citi,2730
littl,3256
might,1482
realli,4131
anim,1100
put,2146
america,1802
pair,1123
line,2154
contest,1588
king,1770
issu,1642
kind,1678
version,1256
comedi,2316
sell,1026
end,3861
want,5642
just,8138
post,2419
let,1467
return,3168
should,1621
point,1633
princess,1073
fall,1766
alreadi,1650
brother,1698
tour,2593
old,7664
kelli,1116
kill,1223
juli,1871
saturdai,2070
race,1070
shot,1031
ladi,2080
though,1756
fame,1211
doesn,1536
hear,1503
univers,1237
woman,1663
three,4183
power,1150
offici,2193
head,2013
robert,1528
sure,1186
work,6493
compani,1725
mark,2045
himself,1221
bieber,1350
sinc,3379
season,6726
program,1237
popular,1183
sing,2150
word,1499
even,4419
known,2080
didn,3207
execut,1232
media,1336
west,1270
friend,3255
golden,1248
ever,2102
call,4862
stop,1572
other,1316
onc,1449
have,1452
june,1604
state,2088
schedul,1644
recent,3272
share,1621
ceremoni,2071
girl,3098
order,1469
full,1646
mean,1458
york,6965
won,3568
coverag,1012
crowd,1109
find,1922
wasn,1664
chri,1242
jame,2234
justin,1216
origin,1835
came,2452
women,1775
begin,1587
around,2511
organ,1092
book,3949
summer,1764
inspir,1251
premier,2212
special,2104
group,2628
first,9721
miss,1779
