need,2358
until,1631
free,1596
becom,1304
alwai,1409
florida,1188
event,1378
began,1057
right,3962
jet,1097
these,1213
told,3123
meet,1407
few,1480
stadium,1501
each,1567
big,3719
go,8034
made,4719
john,1124
six,2589
mai,1792
side,1321
presid,1447
associ,1515
left,4501
do,4758
man,2758
member,1126
look,3190
histori,1703
beat,2955
nfl,4083
receiv,2189
hour,1349
athlet,2325
new,8904
red,1362
what,5955
base,1322
johnson,1306
ago,1445
cb,1673
least,1282
drop,1066
took,2623
possibl,1018
lead,4130
mike,1354
same,1591
long,2525
enough,1210
fridai,1883
close,1805
ncaa,1534
deal,2162
be,2508
think,3853
offens,1696
get,6664
watch,1623
far,1142
dai,5372
agent,1036
fan,3927
much,2652
sign,1735
victori,2615
better,1794
thursdai,2368
against,5153
leav,1164
basketbal,1287
make,5098
walk,1154
straight,2168
thing,2790
hope,1735
room,1108
set,3352
former,3024
through,2721
throw,1437
england,1150
name,1357
basebal,1999
men,1189
talk,1772
five,3538
manag,2403
still,2868
win,8814
draft,1319
never,2814
great,2355
ran,1297
see,2432
stand,1283
ap,2533
take,3734
nba,2102
off,4986
ad,2000
cup,2359
william,2325
gener,1175
singl,1099
nine,1319
score,4745
cours,1169
court,2176
break,1449
yanke,1404
rank,1699
help,2334
among,1039
touchdown,3193
report,3172
move,2516
final,5841
support,1060
bai,1073
done,1239
career,3209
job,1087
third,4026
earlier,1228
them,3517
then,4400
month,2394
comment,1207
olymp,3168
lo,1218
home,3396
ll,2028
thought,1228
someth,1488
me,3155
hole,1343
held,1106
green,1516
titl,3130
star,2708
my,4169
fourth,2456
differ,1193
stai,1165
interview,1032
club,1408
dure,3703
second,7616
him,8182
where,2643
eight,1645
love,1140
hit,4273
mondai,2604
train,1096
colleg,1344
everi,1618
doubl,1252
champion,2646
minut,2689
teammat,1640
famili,1681
contract,1350
here,1923
assist,1211
statement,1670
late,1560
owner,1583
awai,1815
lost,2398
loss,1886
seri,2831
armstrong,1430
while,3657
super,1843
serv,1201
between,1452
major,2694
drug,1219
those,2293
wednesdai,2188
coach,6760
your,1130
francisco,1109
sport,3458
past,1627
in,1339
know,3400
pass,3648
lose,1636
plan,1222
polic,1538
night,3872
wai,3629
found,1159
appear,1688
don,3170
wood,3110
fight,1455
winner,1754
defens,2803
washington,1185
forward,1141
happen,1821
place,1882
turn,2024
how,2679
sundai,2758
miami,1623
under,2204
feder,1750
befor,5802
peopl,2537
london,1451
leagu,4392
lot,2176
own,1294
posit,1382
try,2180
face,1899
tournament,2464
press,1195
give,2069
intercept,1053
decis,1661
next,2987
anoth,3074
run,5104
life,1374
american,2100
ve,2975
best,2958
pick,2121
gold,1325
hard,1473
complet,1857
seed,1524
later,1965
postseason,1003
come,3675
smith,1245
back,6473
us,4400
front,1070
retir,1218
seem,1275
young,1477
field,3684
gave,1450
remain,1428
decid,1020
charg,1473
south,1261
down,4039
defend,1193
part,1831
world,4602
keep,1492
week,4455
slam,1047
kick,1023
percent,1240
com,2537
hall,1135
both,2444
half,2300
good,3369
round,3347
perform,1496
earli,1847
confer,1928
texa,1639
chicago,1051
st,1204
follow,2009
behind,1687
continu,1103
nation,2750
angel,1468
finish,3308
believ,1382
case,1503
got,4078
medal,1232
quarter,2130
trade,1142
catch,1023
becam,1070
well,2469
re,3499
hand,1874
reach,1677
announc,1399
four,4867
question,1364
ryan,1201
too,1890
top,2974
feel,1836
bowl,2871
includ,3236
regular,1007
quarterback,2155
you,8651
accord,1302
sever,1543
veri,2349
seven,1878
school,2091
couldn,1036
pro,1010
investig,1482
chang,1564
high,2161
our,2746
chanc,1914
giant,1713
person,1635
test,1272
sai,3131
whether,1162
championship,2882
went,2721
expect,1781
center,1352
open,4966
gui,2218
drive,1266
clemen,1264
mani,2174
million,2762
again,1915
did,3489
tuesdai,2194
like,5537
without,1521
goal,2475
record,3220
san,1885
start,4990
now,3772
ask,1895
citi,1690
littl,1762
might,1457
realli,2262
put,2695
tiger,1675
line,1807
issu,1306
kind,1057
boston,1364
practic,1149
forc,1034
want,3790
end,4754
just,7292
ball,2772
fifth,1077
post,1132
let,1173
return,2770
injuri,2168
saint,1151
should,1537
footbal,2825
point,6957
playoff,2076
led,1875
alreadi,1188
tour,1318
old,3189
foot,1087
show,2364
saturdai,1847
shot,3458
race,2529
heat,1074
though,1476
doesn,1135
univers,1146
grand,1241
three,6517
offici,1949
head,2679
sure,1214
work,2725
cbssport,1897
mark,1409
sinc,4442
threw,1526
program,1069
even,3682
match,3035
didn,3508
pitch,1518
ever,1413
stop,1095
call,3198
allow,1323
yard,6635
onc,1119
state,5191
recent,1054
rule,1276
york,3131
won,5273
crowd,1132
wasn,1656
jame,1799
came,2697
women,1226
around,1900
nearli,1010
special,1082
group,1092
miss,2321
